variable,count,mean,std,min,25%,50%,75%,max,original
dummy1,1000.0,-0.00025163126613861407,0.00967132086626337,-0.0329132624703296,-0.006832235314767325,-0.00037976610878225,0.0063083350661923,0.028652644835617,-0.0014998480869863
dummy2,1000.0,1.3586856719301168e-05,0.010513099389756508,-0.0319635486566092,-0.007325728227893499,4.0002952680140424e-05,0.007403969187409225,0.0350198542498247,-0.0058764256756211
x1,1000.0,-0.06685959740810501,3.0333502699724706,-9.55409826259261,-2.1274401822404903,-0.0741547138053867,2.002579067986329,28.20439936655877,28.20439936655877
x2,1000.0,-0.3072838873738817,8.010766916281003,-20.98597291961155,-5.491382138231898,-0.49416804566545536,4.6931224609994455,75.0510878273019,75.0510878273019
x3,1000.0,-0.039754739462981824,1.8749068292089417,-6.902425218846073,-1.27282901591472,-0.0347107497811407,1.1411677961694613,17.75405387398925,17.75405387398925
